{
    "collection": "offline-realm-app",
    "database": "portfolio",
    "id": "600cf5d98546a86b8610bf31",
    "roles": [
        {
            "name": "owner",
            "apply_when": {
                "owner_id": "%%user.id"
            },
            "read": true,
            "write": true,
            "insert": true,
            "delete": true,
            "search": true,
            "additional_fields": {}
        },
        {
            "name": "non-owner",
            "apply_when": {},
            "read": true,
            "write": false,
            "insert": false,
            "delete": false,
            "search": true,
            "additional_fields": {}
        }
    ],
    "schema": {
        "properties": {
            "_id": {
                "bsonType": "objectId"
            },
            "img_uri": {
                "bsonType": "string"
            }
        },
        "title": "offline-realm-app"
    }
}
